16cell,-0.06136643,-0.00015755,-0.08329608,0.03650307,0.02900397,0.02049176,-0.00054946,0.03705734,0.00774104,0.00537648,-0.01592401,-0.00651564,0.06622503,0.00888835,0.05219494,0.0043125,-0.01479631,0.01313814,0.05429926
16cell.1,-0.06105339,-0.00572337,-0.07192208,0.03376188,0.03779702,0.02515978,-0.00803988,0.05526158,-0.04187643,0.01664581,0.03865104,0.02842984,0.06317257,0.02270863,-0.00495464,-0.01930942,-0.04756804,0.03737651,0.07841076
16cell.2,-0.06134812,-0.00075341,-0.08464799,0.03242376,0.02948385,0.02714927,-0.00936352,0.04718123,0.00349928,0.04630529,0.01363191,0.03415473,0.08998813,0.03546605,0.0239585,-0.02141327,0.0116029,0.02739853,0.06752887
16cell.3,-0.06120257,-0.00678097,-0.08217595,0.02316928,0.01979249,0.02266062,0.00492526,0.02949881,0.01169561,0.02198612,-0.0064142,0.03454969,0.08080522,0.04180443,0.02939422,0.00297508,0.01168979,0.00350903,0.06212651
16cell.4,-0.06203239,0.0022402,-0.08239292,0.03901824,0.02618196,-0.00279936,-0.01516825,0.02986881,-0.00508422,0.04272904,0.01271091,0.00207582,0.08536595,0.04925091,0.0333365,-0.00223646,-0.01094963,-0.00193897,0.06598014
16cell.5,-0.06082924,-0.00186284,-0.07415716,0.04041744,0.03583366,0.03919308,-0.0180258,0.0314054,0.01262903,0.03850376,0.04864433,-0.02555602,0.07680321,0.05586097,0.03135635,-0.04485346,0.00080108,-0.00094758,0.10338034
16cell.6,-0.06067442,-0.00519011,-0.08315698,0.03218854,0.03158335,0.04066199,-0.00150018,0.05104619,0.00977576,0.02261806,0.03008548,0.04764678,0.07139466,0.0320538,0.01620159,-0.0359755,-0.02907161,0.0076711,0.08721643
16cell.7,-0.06167627,-0.00240012,-0.07813943,0.02123987,0.02513175,0.01390727,0.0031092,0.03955,-0.0201869,0.05656214,-0.00929525,0.04731258,0.07054604,0.05165532,0.0202733,-0.00836564,-0.01710929,0.02009623,0.04819293
16cell.8,-0.06144806,0.00044126,-0.0705548,0.02803029,0.02487427,0.0096729,-0.00987072,0.02516463,-0.02140355,0.0050931,0.01132848,0.01989934,0.05720005,0.0466677,-0.00561713,-0.01270223,-0.00379829,0.02877491,0.06004272
16cell.9,-0.0617476,-0.00229789,-0.0722017,0.02645822,0.02635682,0.00171579,-0.00521541,0.05742093,-0.01812449,-0.01770812,0.01373872,0.00398416,0.05692909,0.04544794,-0.00253983,0.00404439,-0.01739313,0.01099328,0.06937478
16cell.10,-0.06156105,-0.00468504,-0.07583887,0.0238379,0.03649675,-0.00324371,0.0027932,0.04779297,-0.02370825,-0.02895433,0.01515109,0.01769909,0.05147964,0.02917663,-0.00587756,-0.00732452,0.01647065,0.00386448,0.04555245
16cell.11,-0.06074165,-0.00071365,-0.06740466,0.03602679,0.03299382,0.03797705,-0.02139507,0.04388418,-0.01835859,-0.02140805,0.0096915,0.0531664,0.06954498,0.02291344,0.01794068,-0.00048423,0.01881257,-0.0054577,0.07613125
16cell.12,-0.06251896,0.00074768,-0.07155188,0.02922813,0.01496122,-0.02265093,-0.00082403,0.03179265,-0.01532185,0.0099134,0.01602419,-0.02307535,0.05633026,0.05805867,0.03985639,-0.00667547,0.00899544,0.02382134,0.04326533
16cell.13,-0.06150304,-0.00189484,-0.07411228,0.02931327,0.01152029,0.01449614,-0.00125455,0.03985558,-0.0171917,-7.446e-05,0.02216757,0.01314739,0.07745189,0.08436956,0.01885258,-6.249e-05,-0.02010257,0.02015113,0.09136976
16cell.14,-0.06181733,0.00178408,-0.07299279,0.0475379,0.0225164,0.01774495,-0.02868808,0.00022725,0.03564283,-0.06505342,-0.04827785,0.00892032,-0.03114139,0.00782553,0.03361412,0.01896912,-0.00032879,0.02240358,-0.03551229
16cell.15,-0.05776201,-0.02311196,-0.03749448,0.01960072,0.00705595,0.14126716,-0.00862867,0.02576292,0.09568184,-0.15774748,-0.02707196,0.14198227,-0.12837807,-0.07875425,0.11952107,-0.11832659,0.00908532,0.12401837,-0.08069676
16cell.16,-0.05827819,0.004332,-0.05711605,0.04214402,0.02182139,0.13801659,-0.03307322,-0.01673728,0.03778223,-0.0219148,0.13807423,-0.23430433,-0.17418006,-0.17408245,0.0446214,-0.02156321,-0.06094775,-0.04071431,0.05311014
16cell.17,-0.05399399,-0.09015325,0.05851071,0.05988996,0.01412196,0.16527619,0.09503262,0.00586281,0.00905569,-0.06888617,0.09233034,0.21232313,-0.56525973,0.35081289,0.51004095,-0.02989997,-0.16345519,-0.09636054,-0.11329583
16cell.18,-0.06136995,0.00649144,-0.08301527,0.04943315,0.03547281,0.03349336,-0.02744087,0.00935124,0.02074358,-0.03807123,-0.03237601,-0.00778423,0.00381499,-0.01277261,-0.00190947,0.01997921,-0.01475475,0.05274767,-0.0186865
16cell.19,-0.06149537,0.0079059,-0.08041722,0.05285613,0.01445578,0.03482239,-0.03899229,0.00706031,0.05410607,-0.05960082,-0.03290024,-0.02131203,-0.0208344,-0.02279866,-0.01210829,0.02549976,-0.01082156,0.03440359,-0.00055739
16cell.20,-0.06152826,0.00686277,-0.08523049,0.04822525,0.01080137,0.02083746,-0.02482397,-0.00248094,0.04776522,-0.02690556,-0.03389186,-0.01978707,-0.01185238,-0.00140595,-0.01345531,0.01635315,-0.01038864,0.02601433,-0.01932715
16cell.21,-0.06178845,0.00677436,-0.08706312,0.04579919,0.02516978,0.02228254,-0.03284139,-0.00390668,0.04822607,-0.02262058,-0.01995038,-0.02132696,-0.0123207,-0.03391854,0.00574204,0.04004207,0.0083612,0.03511608,-0.0010643
16cell.22,-0.06289418,0.01212465,-0.0802753,0.04325896,0.01648239,-0.00500852,-0.04830805,-0.01773103,0.02650792,-0.03900223,-0.02422605,-0.03516869,-0.01063754,-0.02110119,0.00328611,0.00584776,0.01228625,0.02121846,-0.0437682
16cell.23,-0.05924294,0.00652265,-0.06335282,0.05017566,0.02350638,0.10926685,-0.02149255,-0.014775,0.0583822,-0.09758032,0.04938678,-0.1404387,-0.06571494,-0.15086119,0.01495227,0.03003984,-0.04703236,-0.06736754,0.06993507
16cell.24,-0.05997492,0.00423099,-0.06667026,0.04448027,0.01190901,0.09124047,-0.03399008,-0.04393004,0.09104082,-0.07799039,0.03478546,-0.1390398,-0.08475623,-0.10413685,0.01828578,0.01431403,-0.03999602,0.00508912,0.03634235
16cell.25,-0.06132197,0.00928264,-0.06578699,0.04948297,0.01504384,0.03922112,-0.05674953,-0.0110263,0.03238524,-0.07848641,0.00264974,-0.08163662,-0.00398801,0.03435056,-0.01960873,0.00267119,0.00805008,-0.03977545,-0.02918134
16cell.26,-0.06247282,0.01110852,-0.0678242,0.04988935,-0.01836063,-0.01549004,-0.04340684,0.01748636,0.03252042,-0.04200613,-0.05256517,0.00931357,0.01291606,0.02214263,-0.03284902,0.00930517,0.01608891,-0.00634548,-0.05936911
16cell.27,-0.06199731,0.01248161,-0.06937367,0.0549916,0.01611723,0.00438306,-0.06954818,-0.00967728,0.03695761,-0.05016484,-0.03064692,-0.03295432,-0.01020871,0.03394187,-0.05106119,0.02094068,0.03266911,-0.04309446,-0.06507449
16cell.28,-0.06177626,0.00572839,-0.06747285,0.04485874,0.01730655,0.00176071,-0.03048321,0.03190976,0.01244982,-0.0265585,-0.01569231,0.00532717,0.02848127,0.01902571,-0.01209809,0.00786531,0.00776826,0.00263862,-0.02657943
16cell.29,-0.06228136,0.00804735,-0.07363641,0.05095371,0.02438728,-0.00482732,-0.05807985,-0.00858343,0.02174844,-0.02065942,-0.01418658,-0.04934484,0.01747291,0.01573698,-0.02413487,0.0034151,-0.00783097,-0.03636438,-0.02277382
16cell.30,-0.06187034,0.00695266,-0.0767263,0.04503289,0.01867396,0.00540987,-0.03462642,0.00561545,0.04776341,-0.03753832,-0.01761289,-0.01551755,0.02135467,0.04667762,-0.07552799,-0.00124457,0.01826731,-0.01118119,-0.06428009
16cell.31,-0.06026733,0.00703281,-0.05210653,0.03806901,0.00525625,0.06544273,-0.02649935,0.01185137,0.04950423,-0.05842565,0.00985211,-0.12626,-0.03504905,-0.07027527,-0.00227416,-0.00184585,-0.03619288,-0.04899989,-0.00710678
16cell.32,-0.05700183,0.0017808,-0.03625644,0.03937046,0.00300364,0.17529599,0.01427264,0.005819,0.09232311,-0.15256669,-0.12791785,0.19671693,-0.02353053,-0.03300255,-0.1804291,0.01064485,-0.1332411,-0.06097231,-0.22254231
16cell.33,-0.06189704,0.01213342,-0.07356564,0.05320911,0.00640778,0.01604379,-0.06074815,-0.00371703,0.06053075,-0.05401923,-0.05718413,-0.01973754,0.02181201,0.01584179,-0.04451468,0.00199854,0.0134125,-0.04288044,-0.07753312
16cell.34,-0.06231104,0.01801351,-0.06034714,0.04698425,0.01355948,-0.00990524,-0.0611864,-0.00817853,0.01523344,-0.01690906,-0.00039905,-0.02062378,-0.00696427,0.02897604,-0.05556354,-0.00548358,0.02011513,-0.041985,-0.05776791
16cell.35,-0.06239829,0.01242662,-0.07090508,0.05132725,0.00171909,0.00098671,-0.05160474,0.00581428,0.04835912,-0.03040674,-0.02560476,-0.01565307,0.01122799,0.02355254,-0.02562979,-0.00153253,0.00087306,-0.02491452,-0.02885787
16cell.36,-0.0623255,0.01269134,-0.06388645,0.05127814,0.01428522,-0.00584545,-0.05801262,0.00111125,0.03672938,-0.03240533,-0.02583617,-0.04290733,0.02828309,0.02383867,-0.00632914,0.01807857,0.00961081,-0.00752357,-0.0426037
16cell.37,-0.06147551,0.00574995,-0.06590418,0.04788112,0.00546043,0.01995536,-0.02586709,0.02527183,0.03569753,-0.04798832,-0.02028224,-0.02073657,0.03820413,0.0510016,-0.02501813,-0.02004098,0.0133495,-0.04380982,-0.02402834
16cell.38,-0.06043327,0.00585141,-0.0532176,0.0403569,0.00206119,0.05434199,-0.02618479,0.0110411,0.03470162,-0.12795997,-0.07176071,0.09863788,0.04216258,-0.02250765,-0.04338804,0.00899349,0.05763729,-0.02363458,-0.06191869
16cell.39,-0.06009888,0.0110582,-0.05692456,0.04670372,0.0172093,0.06972765,-0.06896516,-0.03020197,0.0377868,-0.09451657,0.06999201,-0.21036895,-0.11592455,-0.10402201,-0.0742615,0.01150598,-0.0099892,-0.07300678,-0.09796201
16cell.40,-0.06165793,0.0155139,-0.06719494,0.05375858,-0.00164817,0.03361981,-0.05932545,0.02479162,0.04213989,-0.08862259,-0.07737663,0.01712998,0.00296319,-0.0176661,-0.02960184,0.04391441,-0.005837,-0.00562172,-0.12788281
16cell.41,-0.06244958,0.01743499,-0.06610365,0.04449452,0.0201621,0.00842597,-0.06893401,0.00285616,0.01560949,-0.06233287,-0.06137348,-0.02200555,-0.02052034,-0.01627722,-0.0031563,0.03346035,0.02085398,-0.01523896,-0.07596852
16cell.42,-0.06085291,0.01146469,-0.05333452,0.04356647,0.00383966,0.04487809,-0.04771137,-0.00480581,0.02771176,-0.10498037,0.00124703,-0.05651296,-0.04255492,-0.07144417,0.00940913,4.53e-05,-0.03020282,0.00352553,-0.03216812
16cell.43,-0.06243161,0.01536994,-0.07289084,0.04293152,0.02766312,-0.00248508,-0.06757578,-0.00937399,0.02169121,-0.04169843,-0.02461074,-0.02203909,-0.02581846,-0.02043351,-0.01859353,0.00165161,0.0218471,-0.00505386,-0.07260493
16cell.44,-0.06209791,0.01213993,-0.07007781,0.040432,0.02230122,0.00015404,-0.05944964,-0.01451691,0.02272819,-0.07527492,-0.043378,-0.03023354,-0.03611792,-0.01741474,-0.04927448,0.01064406,0.03471079,-0.02942278,-0.08384366
16cell.45,-0.05597091,-0.00378231,-0.03067889,0.03039126,0.0182735,0.20117657,0.03015263,0.02431268,0.09969729,-0.20131881,-0.16059877,0.46283535,-0.0899491,-0.44745272,-0.0068252,-0.1009856,0.2205504,0.1762504,0.34793174
16cell.46,-0.06259506,0.01713706,-0.05788968,0.04251961,0.01875387,-0.01972518,-0.06648496,-0.01827189,0.00982377,-0.08182118,-0.04108004,-0.01721796,-0.00813336,-0.02619196,-0.02637509,0.02852629,0.02833723,-0.01880064,-0.08155952
16cell.47,-0.06226205,0.01777237,-0.05835153,0.04169595,0.02524453,0.00966649,-0.08345717,-0.02965951,0.01769468,-0.07332292,-0.03509011,-0.08064419,-0.04170417,-0.04345442,-0.0248241,0.01588159,0.02795493,0.01676211,-0.10862416
16cell.48,-0.06324532,0.01947176,-0.06105807,0.03601728,0.02409128,-0.02962573,-0.07630893,-0.01415356,-0.01920325,-0.04685256,-0.01917536,-0.05074045,-0.03169791,-0.04132227,-0.01862296,0.01940319,0.00438854,0.00327998,-0.06557998
16cell.49,-0.06120575,0.01389017,-0.06193152,0.04855304,0.01525203,0.05494076,-0.0784917,-0.01625105,0.02069345,-0.07356276,0.02665651,-0.13892521,-0.07530215,-0.06222312,-0.04210979,0.04406025,-0.01930446,-0.02713163,-0.06929263
4cell,-0.05968334,-0.06085321,-0.0623809,-0.09842219,-0.01861261,0.01038931,0.17110527,-0.04501339,-0.03605201,-0.06066502,3.273e-05,-0.00622224,0.06091954,0.00393032,0.00457793,-0.00242798,0.00063242,-0.00262093,0.00055042
4cell.1,-0.06007571,-0.06319292,-0.06500129,-0.10291919,-0.01213425,-0.00110534,0.17774854,-0.05057553,-0.03082178,-0.07087626,0.00299176,-0.00925237,0.02179874,0.00161427,0.01315857,0.0008884,-0.0038343,0.01426809,-0.0106147
4cell.2,-0.06146391,-0.06354233,-0.07214793,-0.10196905,-0.01179679,-0.04557187,0.18191542,-0.0556076,-0.04108176,-0.04313575,-0.00264591,-0.0045658,0.01063284,-0.00599321,-0.01376902,-0.01552481,0.01506963,0.00256891,-0.01339231
4cell.3,-0.06148187,-0.0510029,-0.06914257,-0.06802862,-0.01177049,-0.03624895,0.16354836,-0.04991923,-0.02171472,-0.04485925,-0.01223866,-0.02008726,-0.0007797,-0.02179762,-0.0007253,0.01068693,-0.01462029,-0.01555051,0.00141976
4cell.4,-0.06164156,-0.05695481,-0.0707698,-0.08955054,-0.01698052,-0.05195232,0.18963839,-0.05998559,-0.03614313,-0.05720741,-0.0174024,-0.02396629,0.01572867,-0.01236218,-0.01109695,-0.01670859,0.00853368,-0.00323654,-0.01930385
4cell.5,-0.06138318,-0.05551884,-0.06709728,-0.09327531,-0.00679702,-0.04121731,0.17422055,-0.0646437,-0.03833517,-0.03146475,0.0043875,-0.02890462,0.00531001,-0.01821904,0.01486057,0.01025129,-0.00984695,0.01726355,-0.01150753
4cell.6,-0.06147245,-0.05221265,-0.068251,-0.08288676,-0.0106146,-0.03767764,0.1641517,-0.05979452,-0.0284219,-0.04016552,0.00884717,-0.03170088,0.01008949,-0.00850369,0.01986558,0.0046385,0.00622326,0.00394877,-0.00590315
4cell.7,-0.06118561,-0.04813671,-0.07362202,-0.07722279,-0.01283026,-0.02765264,0.17815266,-0.06412593,-0.01077312,-0.06195515,-0.01409335,-0.02445015,-0.01032199,-0.02814974,0.00268986,0.00776642,-0.01025114,0.00818185,-0.01580852
4cell.8,-0.06144962,-0.04908117,-0.07588457,-0.07650503,-0.00948989,-0.03754438,0.16767002,-0.06053805,-0.03686298,-0.0467059,-0.0061161,-0.02045737,-0.01740159,-0.01815243,0.0003924,-0.005973,-0.02092169,0.01771637,-0.0136208
4cell.9,-0.06151084,-0.0552686,-0.07606025,-0.08641165,-0.01098431,-0.04159892,0.17581104,-0.05763864,-0.01195923,-0.04825476,-0.01726625,-0.02004211,-0.02056964,-0.01995341,-0.00131174,-0.00493813,0.01272321,-0.00027508,-0.00862773
4cell.10,-0.06066977,-0.06826257,-0.06971091,-0.1224217,-0.01191723,-0.01608579,0.16074011,-0.05957772,-0.0494843,-0.04652841,0.00213912,-0.03230471,0.00405502,-0.0251553,-0.03871981,0.01556363,0.01176917,-0.01352181,-0.01555453
4cell.11,-0.06091506,-0.06390714,-0.0734462,-0.11069241,-0.01366058,-0.02356061,0.17119232,-0.06734394,-0.04151562,-0.05045605,0.01469172,-0.02436027,-0.00181072,-0.01426458,-0.02549008,0.01303161,0.01617817,0.00489445,-0.0297591
4cell.12,-0.06100263,-0.06919198,-0.06950779,-0.1174738,-0.01712083,-0.02687789,0.16253831,-0.07183724,-0.03760647,-0.05955493,0.01035922,-0.01937746,0.00370626,-0.03774327,-0.01073216,0.01427655,-0.00749014,0.00442492,-0.02378892
4cell.13,-0.06032339,-0.07619639,-0.05700459,-0.12727577,-0.01439935,-0.01104466,0.1520879,-0.07039247,-0.04018926,-0.05506241,0.01153865,-0.01729133,0.00611803,-0.03082539,-0.0086206,0.01080813,-0.0036136,0.01163541,-0.01611231
8cell,-0.06208556,-0.00554252,-0.07982675,0.02539694,0.01258797,-0.0024259,-0.00172605,0.00854479,0.02448616,-0.01407765,0.00407437,-0.02426116,0.01525169,0.03284629,-0.01284691,-0.00032913,0.0394766,-0.02605132,0.00393745
8cell.1,-0.0626951,-0.00505868,-0.08360485,0.03179034,0.00780448,-0.0242543,-0.02106539,-0.00615074,0.04044759,-0.01628668,0.0149693,-0.02890483,-0.00530373,0.02547863,-0.02358125,-0.00823827,0.02245455,-0.03076593,-0.01291652
8cell.2,-0.06235947,-0.02008423,-0.07283856,0.00366789,0.00615743,-0.01878466,-0.00551432,-0.00074308,0.02022709,-0.023697,0.00231101,-0.00261193,0.00251787,0.05339806,-0.02449596,-0.02942703,0.01689707,-0.03998541,-0.03819955
8cell.3,-0.06290293,-0.01764653,-0.07038989,0.00740657,0.00631543,-0.03984214,-0.01158904,0.00645698,0.00177006,-0.00915336,-0.0249239,0.0034586,-0.02635536,0.0407169,-0.00988802,0.01041255,0.03819193,-0.03120348,-0.0294934
8cell.4,-0.0634546,-0.00058833,-0.08023878,0.02837059,0.01309635,-0.05688202,-0.02111764,0.01023955,-0.00333174,0.01217155,0.01854826,0.00202037,-0.00788759,0.02076495,0.00660983,-0.00759594,0.02859988,-0.02578528,-0.02099876
8cell.5,-0.06363426,0.00105656,-0.07336558,0.03333376,0.01533855,-0.06855709,-0.02175581,-0.00452128,0.00359458,0.00300523,0.01598025,-0.01606206,-0.00644865,0.02209321,-0.00783564,-0.0024809,0.02629821,-0.03255481,-0.03513128
8cell.6,-0.06326581,-0.00111822,-0.07541863,0.03093893,-0.00081599,-0.05371333,-0.01096439,0.00723847,0.01325546,-0.01243083,0.03106407,-0.01626055,0.00889149,0.02528876,-0.00153867,-0.00899196,0.04425596,-0.03585586,0.00137036
8cell.7,-0.06150288,-0.00746067,-0.07721702,0.01620498,0.02332658,0.00392783,0.03649526,0.00571933,0.03701083,0.04042822,0.02420597,-0.01535121,0.06091793,0.06860001,0.0679095,-0.00983701,-0.02932656,0.01852135,0.07147854
8cell.8,-0.06137494,-0.01233702,-0.07776423,0.00760627,0.01482008,0.01037421,0.04636533,0.00219537,0.03535258,0.03535075,-0.02790046,-0.00171649,0.0591865,0.08849465,0.08389298,0.00248339,-0.04440156,0.0414602,0.07151863
8cell.9,-0.06101557,-0.00605177,-0.07453446,0.01677216,0.02695701,0.02206027,0.04265268,-0.00183542,0.04124492,0.04511086,-0.00649026,0.02549555,0.03968012,0.07070908,0.10302566,0.02139316,-0.05345282,0.05067383,0.08589103
8cell.10,-0.06167855,-0.00534656,-0.08303772,0.01619906,0.01894227,-0.00010867,0.02123708,-0.00643277,0.02878858,0.04714327,0.00653922,-0.0097523,0.01532005,0.05223031,0.04052501,-0.0149843,-0.03749414,0.02716027,0.04983286
8cell.11,-0.06132081,-0.00974248,-0.08880326,0.01536667,0.01624456,0.02679713,0.03441897,-0.01346654,0.03415503,0.04555158,-0.01116228,0.00653872,0.04940941,0.05807074,0.03053677,-0.00144592,-0.01944096,0.00934492,0.06671457
8cell.12,-0.06124478,-0.01207096,-0.06680824,0.00355336,0.01059402,0.01615868,0.05621727,-0.01093405,0.02897741,0.03054509,-0.00741782,0.00153051,0.07597436,0.0891782,0.10722772,-0.00634151,-0.03554922,0.03226718,0.07239193
8cell.13,-0.06082249,-0.01001111,-0.079136,0.01746215,0.01662288,0.0405755,0.04054415,-0.01174792,0.05374306,0.02645974,-0.00392246,-0.01282495,0.05606493,0.05674734,0.11338151,0.00037393,-0.0437717,0.02665596,0.09891526
8cell.14,-0.0624673,-0.00145132,-0.07457193,0.0292368,0.03131267,-0.02386604,-0.03342481,0.02504862,0.02023553,0.03744621,0.01384169,-0.00636329,0.05449851,0.04699297,0.04668164,-0.01231007,0.00652276,-0.00553104,0.03125488
8cell.15,-0.06194988,-0.00506676,-0.0826527,0.03014269,0.01459693,-0.00930237,-0.00169697,0.03282975,0.01079737,0.04709511,-0.00132826,0.02724166,0.052441,0.03728332,0.02755731,-0.00555416,-0.01128044,0.00818687,0.03331822
8cell.16,-0.06227916,-0.00512132,-0.09543437,0.02545383,0.02336229,-0.01230178,0.01776263,0.03032899,0.00746531,0.04683274,0.01043059,0.01157532,0.03786401,0.05081963,0.03708368,-0.01540259,0.00666751,0.03113473,0.04007791
8cell.17,-0.06239511,-0.00450924,-0.07934836,0.02925319,0.01372206,-0.02295654,-0.00449252,0.03546634,0.00079628,0.0283919,0.00633364,0.02111996,0.04992709,0.0549983,0.03734022,0.00308025,0.00554178,-0.01361613,0.04276818
8cell.18,-0.06185496,-0.00391426,-0.09265715,0.03896091,0.0207102,-0.00231769,0.01237794,0.03885949,0.00893498,0.0444389,-0.01118203,0.02966391,0.05312553,0.03689432,0.03398213,0.00270033,0.00755988,-0.01720685,0.03950031
8cell.19,-0.06181871,-0.00496699,-0.09154067,0.03337657,0.0249302,-0.00370329,0.01330153,0.03401818,0.0138924,0.07184264,-0.00479508,0.03458914,0.04344981,0.04380666,0.0324082,-0.02019283,0.006787,0.01222401,0.0356265
8cell.20,-0.06181756,-0.00744091,-0.09479813,0.02903091,0.02203975,0.00206274,0.01723663,0.03044879,0.00980262,0.0487996,0.01634554,-0.00713121,0.03400585,0.0426988,0.02387496,0.00474875,0.00146647,0.01768225,0.05115448
8cell.21,-0.06200951,-0.00558366,-0.08021553,0.0283918,0.01468646,-0.01109256,0.02040321,0.03860225,0.01727517,0.00718668,0.01902723,0.00255538,0.04024662,0.05314445,0.0366403,-0.00182862,-0.0225641,0.00602506,0.04560608
8cell.22,-0.06212632,-0.00040404,-0.08291956,0.03747342,0.02666285,-0.00282177,-0.01439324,-0.00301298,0.02984116,0.01337706,0.00343224,-0.02305333,0.04069648,0.04567046,0.00982889,-0.01829083,0.01800109,-0.00477175,0.03872594
8cell.23,-0.06175332,0.0077166,-0.00432595,0.01107281,-0.01262393,-0.08113721,0.03073129,0.02517068,-0.00907377,-0.01942452,-0.00511912,0.02052936,-0.00779288,-0.07354674,0.03787844,-0.02188104,-0.00236322,-0.02512465,-0.00702837
8cell.24,-0.06180815,-0.00509895,-0.07783233,0.02502955,0.01126028,-0.00086764,0.01799308,0.02739242,0.03211246,-0.00555407,-0.01400332,0.00872479,0.0847586,0.07726868,0.05312007,-0.03599725,-0.00342265,-0.00181875,0.02184494
8cell.25,-0.06335929,0.00032777,-0.07706745,0.02907817,0.01212163,-0.05210877,-0.02013873,0.00654543,-0.00112115,0.00675922,0.01167303,-0.01155123,0.01610111,0.05176422,0.00792452,0.00080137,0.03213116,-0.03209907,-0.00887201
8cell.26,-0.06259138,0.00095945,-0.08331427,0.03589492,0.02228189,-0.01799976,-0.00803504,0.02066161,0.0095876,0.01756357,-0.00623267,-0.00964494,0.0400719,0.05708419,0.01821805,-0.02146816,0.00751876,0.00349733,0.04790846
8cell.27,-0.06184592,-0.00619425,-0.08557888,0.02210064,0.0170043,0.00601205,0.01720759,0.02460889,0.00767777,0.02380201,0.01311711,0.01394201,0.05649021,0.0689426,0.02845965,-0.00581322,-0.00363909,0.01124973,0.04976374
8cell.28,-0.06330253,0.00872651,-0.09707401,0.03163424,0.02378638,-0.07818638,-0.01951476,-0.00689013,-0.04858665,0.1914456,0.01610507,0.0531985,-0.12148994,-0.06820134,-0.06115455,0.0030336,0.01080001,0.00513883,-0.05978655
8cell.29,-0.06177331,0.0037742,-0.09773339,0.04159927,0.03181974,-0.03465042,-0.01654776,0.04240813,-0.08585515,0.19270602,0.03186066,0.09947889,-0.12033933,-0.10342306,-0.06564028,0.00350874,-0.01010325,-0.00346759,-0.04020936
8cell.30,-0.0634925,0.01078123,-0.08553241,0.0384878,0.01765136,-0.09871606,-0.03181811,0.00989434,-0.08409552,0.19281695,0.0282555,0.08353507,-0.13372316,-0.08509581,-0.05164146,-0.00176612,-0.00183678,-0.00577353,-0.0640464
8cell.31,-0.0624637,0.00462248,-0.10294763,0.0349201,0.03172686,-0.05101065,-0.01289275,0.00808984,-0.05566774,0.20359322,0.02388757,0.07971986,-0.10869555,-0.08096101,-0.05872992,-0.01080732,-0.00498171,0.0066226,-0.03672981
8cell.32,-0.06258453,0.00098927,-0.08300596,0.00787936,0.02176044,-0.07358248,0.01008689,-0.00871288,-0.09986475,0.22424311,0.0642578,0.08096312,-0.1214871,-0.09494452,-0.03281082,-0.00836156,-0.02523902,0.00699494,-0.00462549
8cell.33,-0.06227266,0.00257006,-0.09188113,0.01998353,0.03091746,-0.0511755,0.00015273,0.00640624,-0.07444675,0.22185682,0.03566255,0.0638569,-0.11587931,-0.08971914,-0.04433822,-0.00628185,-0.01507389,0.01973322,-0.02000974
8cell.34,-0.06365504,0.00857862,-0.08144106,0.02893096,0.02103107,-0.1123747,-0.03093474,0.00341908,-0.08645785,0.2010007,0.03777497,0.07097712,-0.12836436,-0.07841768,-0.04165914,-0.00013078,-0.00288198,-0.00328042,-0.0482622
8cell.35,-0.06228507,0.00432557,-0.09851016,0.03563678,0.01620074,-0.04828338,-0.01054322,0.02072166,-0.05723655,0.20526025,0.03071224,0.07621593,-0.11458785,-0.08109738,-0.06401832,0.00284634,-0.00367211,-0.01239476,-0.05266069
8cell.36,-0.06290584,0.00688866,-0.07882456,0.02853645,0.02259441,-0.08552472,-0.01473541,0.01464223,-0.09393139,0.17141432,0.03133337,0.07338176,-0.11505753,-0.08453756,-0.06156072,-0.0130009,-0.00977274,-0.00494492,-0.03086793
early2cell,-0.0581176,-0.16223262,0.09938368,0.12144978,0.01964585,-0.02643386,0.00921384,0.00400876,-0.00116568,0.01171728,-0.01289448,-0.00812355,0.02074124,-0.00729841,-0.01109866,-0.00386294,-0.00461175,0.01071348,0.00828232
early2cell.1,-0.05763231,-0.15717822,0.11212097,0.16351394,0.02740282,-0.02322149,0.04213694,-0.00731055,-0.00063481,-0.00073854,-0.00901834,-0.00793537,0.0211624,-0.00708376,-0.00370114,0.00051509,-0.00677107,0.0068147,0.00423658
early2cell.2,-0.05803054,-0.15609122,0.11071235,0.17073367,0.03334916,-0.0449948,0.05749585,-0.02367158,-0.00569483,0.0018518,-0.0091815,-0.01442611,0.01648317,-0.01851807,-0.02477705,0.00144655,0.0071034,0.0075212,-0.00064951
early2cell.3,-0.05754146,-0.15111142,0.10720441,0.15660997,0.02984049,-0.02522336,0.05639018,-0.01182895,-0.00195399,-0.00098646,-0.00046963,0.00130393,-0.00213286,-0.00150479,-0.01212927,-0.00530045,-0.01032806,-0.00399593,-0.00053578
early2cell.4,-0.0577618,-0.15340797,0.11231997,0.18034811,0.03005438,-0.03721611,0.06684342,-0.0266542,0.00100196,0.0011241,-0.00959281,-0.01002859,0.02370517,-0.0220967,-0.0088046,0.00287315,0.00370557,0.00989742,-0.00045118
early2cell.5,-0.05801621,-0.15707801,0.11586924,0.19465963,0.03510696,-0.05014781,0.07694784,-0.02547546,-0.0062882,-0.00401573,-0.00701185,-0.01851073,0.02175609,-0.02906437,-0.02797134,0.00458733,0.00951177,0.00801111,-0.0025693
early2cell.6,-0.05800492,-0.15696056,0.11646489,0.19468306,0.03491717,-0.05076703,0.07647881,-0.02558763,-0.00578923,-0.00338578,-0.00726327,-0.02108875,0.02126748,-0.02970991,-0.029988,0.00553079,0.0102147,0.00823404,-0.00367541
early2cell.7,-0.05771434,-0.1542162,0.1131356,0.18163371,0.03197106,-0.03911586,0.07105837,-0.02348277,-0.00399179,-0.00290113,-0.00668241,-0.01433449,0.02064148,-0.0260737,-0.01174223,0.00052788,0.00342272,0.00946648,-0.00066014
earlyblast,-0.06268162,0.04178326,0.03143974,-0.01654912,0.06989972,-0.05363148,-0.05574598,-0.03432042,-0.08382775,-0.06768709,0.02835058,0.00707926,0.00842226,0.0132884,0.00999617,0.01250864,0.04036078,-0.02558506,0.00145125
earlyblast.1,-0.05819555,0.03032075,0.03935557,0.00081921,-0.00551168,0.1337454,0.01865561,0.00258224,-0.10347634,0.03670867,0.13877445,-0.09697233,-0.02431951,-0.04854825,0.04734783,0.05064015,0.00353822,-0.05735624,0.17459975
earlyblast.2,-0.05983466,0.03457154,0.0392577,-0.01732734,0.06530916,0.07189463,-0.03750552,-0.08135708,-0.07338486,-0.04765609,0.13205351,-0.12363203,-0.00346058,0.0230579,-0.02593291,0.01112322,-0.00339283,0.05899188,0.03747728
earlyblast.3,-0.05839364,0.03673676,0.03925693,0.00093178,0.0318413,0.12529055,-2.798e-05,-0.03381835,-0.08588929,-0.02964036,0.08648838,0.00788139,0.00851156,-0.06830345,0.01174806,0.07778351,-0.03769981,0.01457212,0.1024315
earlyblast.4,-0.06206362,0.04055517,0.0273507,0.01781847,-0.10320487,-0.02633966,-0.01876061,0.03990603,-0.07181457,-0.04952157,0.0447556,0.00917003,-0.01383172,-0.00228513,-0.01728258,0.00859807,0.00106932,0.02126451,0.02865622
earlyblast.5,-0.0637351,0.04399355,0.02518081,0.00880782,-0.09672339,-0.09686286,-0.0266871,0.03117679,-0.04723127,-0.04011371,0.05725338,0.01262517,-0.03020902,0.01538667,-0.02125398,-0.0043363,-0.00234028,-0.02037795,0.03074515
earlyblast.6,-0.06112481,0.03680766,0.02010208,0.02630232,-0.1098475,0.01796446,-0.03009235,0.02136918,-0.06418445,-0.04466601,0.0422883,-0.02109187,-0.00495259,-0.00497108,-0.00791221,0.02301896,-0.03816277,0.07479117,0.05295716
earlyblast.7,-0.06351779,0.04682503,0.03411138,-0.01498521,0.04737009,-0.07843413,-0.05511026,-0.01062506,-0.07539883,-0.05578784,0.00375618,0.00803416,0.0283239,-0.0048152,0.0422189,0.01208831,0.01122239,0.01396638,0.01068522
earlyblast.8,-0.06147647,0.03886309,0.02308439,0.0219226,-0.09863242,0.00802032,-0.01597189,0.05020141,-0.06497394,-0.04154227,0.00216558,-0.0024828,-0.02783456,-0.00381367,0.01749843,0.0287256,-0.00747218,0.00576167,0.00607003
earlyblast.9,-0.06383131,0.0501637,0.03525428,-0.01183939,0.0240561,-0.09743445,-0.05032541,-0.00581296,-0.07780475,-0.04323746,0.00130848,0.03331471,0.00293019,-0.00521085,0.03067186,0.00395042,0.00943969,0.01535325,0.00353038
earlyblast.10,-0.06233963,0.04536,0.0376411,-0.00492073,0.01223577,-0.02168469,-0.04122976,-0.01436098,-0.0880656,-0.02731174,-0.03318592,0.03036033,0.01292931,0.02235292,0.0431092,0.01951846,0.01533667,0.0292656,0.0109889
earlyblast.11,-0.06226614,0.05129391,0.03958774,-0.00611774,0.00552667,-0.02280269,-0.03674121,0.00240361,-0.07566671,-0.04670522,0.01546805,0.00796737,0.00182587,-0.00554024,0.04322746,0.00824065,0.00453753,0.02548928,0.0039127
earlyblast.12,-0.0610137,0.04101731,0.03563481,0.00260448,-0.03189355,0.03473183,-0.01195308,0.00188387,-0.08331799,-0.03199758,0.06884049,-0.01158399,0.01870345,0.02496566,-0.00219131,-0.03330741,0.02304352,0.02077194,0.06527122
earlyblast.13,-0.0634489,0.04421841,0.024398,-0.01344753,0.05618342,-0.06839345,-0.0700802,-0.01679496,-0.09190456,-0.06921106,0.00766437,0.00823982,0.01564831,-0.00048645,0.02347599,0.01297435,0.00161871,-0.01321873,0.01090746
earlyblast.14,-0.05888197,0.03376663,0.04270387,-0.00775622,0.05463151,0.11841842,-0.00531099,-0.03400563,-0.09748318,0.04059494,0.02551526,-0.07146365,0.05754387,0.03412612,0.04467869,-8.887e-05,0.00017993,0.06414137,0.01745564
earlyblast.15,-0.06369829,0.04985824,0.03346564,-0.00034425,-0.03481623,-0.08588628,-0.05479534,0.00969259,-0.10158764,-0.04709147,0.02020697,0.00847105,-0.00417372,-0.02358988,0.04640275,0.00079597,0.015301,0.02572879,0.00110797
earlyblast.16,-0.05846259,0.03188988,0.0344992,0.01564292,-0.05793306,0.15192749,0.03686343,0.0391187,-0.29984585,0.09354086,-0.50036493,-0.15492774,-0.05752716,0.02412794,0.00065971,-0.10656741,-0.03037871,-0.12049228,0.05044225
earlyblast.17,-0.05779029,0.03146555,0.03959364,-0.00015078,0.03545764,0.18138807,0.01295818,0.02198417,-0.33166919,0.11010817,-0.49744184,-0.21058266,-0.05675981,0.03536219,0.00116055,-0.11354244,-0.00736521,-0.10109915,0.04449612
earlyblast.18,-0.06293836,0.04694194,0.03623008,-0.01278475,0.04915431,-0.05134811,-0.05481419,-0.00238713,-0.12592147,-0.04709275,-0.00469793,0.01231085,0.0156,-0.04903972,0.06634655,0.02369002,0.00246527,0.03619211,-0.01170706
earlyblast.19,-0.05934416,0.03545351,0.03607635,-0.00977829,0.07013992,0.08252573,-0.0182944,-0.00911558,-0.11436266,-0.05257498,0.00367094,0.05759778,0.02779602,-0.0415988,0.03589186,0.08334265,0.02620306,0.00664582,-0.03386434
earlyblast.20,-0.0609252,0.03893621,0.03290561,0.01202269,-0.0856156,0.02466083,-0.00472379,0.05467492,-0.10822995,-0.03688377,0.06094032,-0.01141924,0.0288836,-0.02568844,0.02475986,0.0014208,-0.04697231,0.03032341,0.02645748
earlyblast.21,-0.06160648,0.04240886,0.03018723,0.00785856,-0.07407522,0.00435253,0.00453856,0.04312801,-0.11356332,-0.04190593,0.04420716,-0.01540666,0.00723434,-0.0434557,0.03531168,0.03345471,-0.0234189,0.05681157,0.02115518
earlyblast.22,-0.0597292,0.03540171,0.03484534,0.01011297,-0.07363982,0.07378537,-0.00183968,0.05415127,-0.14365254,-0.03286692,0.12154891,-0.03360395,0.00373273,-0.03652393,-0.07194769,0.06919415,-0.0618445,0.02463961,0.02641843
earlyblast.23,-0.06283483,0.04803139,0.037445,-0.00180963,-0.04553228,-0.05492454,-0.03150933,0.00662367,-0.07636361,-0.03458389,-0.00810213,-0.00430378,-0.01349949,-0.04466306,0.04022923,-0.00530237,-0.00133571,0.01342897,0.02173922
earlyblast.24,-0.06122165,0.0343614,0.02390362,0.01678091,-0.12360744,0.00346326,0.00044551,0.05330412,-0.06863945,-0.01262603,0.04396241,0.00723184,0.00219929,-0.04097349,0.02067043,0.03671819,-0.0458511,0.01391873,0.01293459
earlyblast.25,-0.06238844,0.04143739,0.02370286,0.01402547,-0.09628001,-0.04061773,-0.0360651,0.01563678,-0.08658988,-0.05048967,0.00708588,0.01520211,-0.02899569,-0.03377023,-0.00274641,-0.01245642,-0.00602335,0.02898184,-0.00948138
earlyblast.26,-0.06275448,0.04430029,0.02349752,0.01647359,-0.10252646,-0.0532532,-0.03512137,0.01705822,-0.08662392,-0.06364039,0.01917726,0.03234989,-0.02505442,-0.01718509,-0.00950462,0.02176248,-0.00472245,0.01368435,0.0003417
earlyblast.27,-0.0592107,0.03527085,0.04919666,-0.02430965,0.09443532,0.0772968,-0.01516481,-0.02673642,-0.10848979,-0.01819348,0.08428093,-0.02317911,-0.00067589,0.0021512,0.0123152,0.04268754,0.00856523,-0.0044818,-0.00371785
earlyblast.28,-0.06003224,0.033369,0.02775822,0.02191972,-0.10537464,0.0659506,0.00480904,0.07441579,-0.10941415,-0.04733955,0.03353292,-0.0068317,0.00250923,-0.02839464,0.04366656,0.05457971,-0.04242621,0.03439626,0.06972759
earlyblast.29,-0.06045184,0.0356109,0.02457833,0.02010971,-0.08038922,0.05379393,-0.00236708,0.0459039,-0.09555568,-0.05483569,0.01746505,-0.01270217,-0.0097104,-0.02185344,-0.022625,0.04096221,-0.06894196,0.06723286,0.06229149
earlyblast.30,-0.05791793,0.02775964,0.04422862,-0.0065844,0.04399908,0.13984006,0.00619267,-0.02802083,-0.1304142,0.01945668,0.16768086,0.08780192,0.19525386,0.00240981,-0.01900168,-0.07272806,0.06253544,0.04045481,-0.25013981
earlyblast.31,-0.06094664,0.03486693,0.02281977,0.02105745,-0.10491782,0.02612264,-0.01458793,0.0154909,-0.07165825,-0.04077501,0.07348301,0.01506976,0.01939723,-0.06597533,0.00709332,-0.04324082,-0.025143,0.01105006,0.03946351
earlyblast.32,-0.06117695,0.03637147,0.04194783,-0.02209691,0.06404196,0.01211768,-0.03563795,-0.03462275,-0.08737469,-0.03720734,0.07270171,-0.04031832,0.07527824,-0.03995576,0.06992442,-0.01883546,-0.01811104,0.01533638,0.021707
earlyblast.33,-0.0615041,0.03713092,0.02458724,0.01328357,-0.12928986,-0.01094857,0.0047296,0.00925136,-0.05913885,-0.00819517,0.08007004,-0.01014683,0.00431718,-0.00295481,0.00667298,-0.0394673,-0.00893183,-0.01735645,0.02463077
earlyblast.34,-0.06086128,0.03420222,0.03374069,0.01218516,-0.08583976,0.02279832,-0.00986903,0.00848427,-0.07830451,-0.05095476,0.04504646,0.0079529,0.0248374,-0.0659442,0.06230589,-0.02514239,-0.02734663,-0.00905019,0.00294465
earlyblast.35,-0.06111755,0.03662938,0.02265032,0.02077421,-0.11555375,0.01641439,-0.00920534,0.02167984,-0.07340569,-0.02976409,0.05485908,0.00520838,0.0031945,-0.01532803,-0.02664419,-0.0205305,-0.0063473,-0.02619636,0.00720084
earlyblast.36,-0.06197636,0.03797975,0.03094098,-0.01459708,0.05683635,-0.01900544,-0.05535756,-0.07142287,-0.0891234,-0.05867535,0.06331194,-0.01531289,0.0180761,-0.02866135,0.04650917,-0.02610084,0.0482201,0.00884045,-0.00776713
earlyblast.37,-0.05771187,0.02210591,0.04093915,-0.0017095,0.01757175,0.14374134,0.01103284,-0.06370498,-0.11341373,0.01887353,0.17028507,0.12632469,0.2213051,0.00997242,-0.05195931,-0.19991198,-0.01285358,0.01267188,-0.32385949
earlyblast.38,-0.06116107,0.03226749,0.04189161,-0.00893759,0.01825471,0.00794963,-0.04852632,-0.0792824,-0.09190199,-0.04787468,0.09578431,-0.03804809,0.04598408,0.02502633,0.05455701,-0.09698332,0.01085579,-0.01151659,0.00655755
earlyblast.39,-0.05679633,0.0221574,0.04026519,-0.00747679,0.05933522,0.16072783,0.02018823,-0.04764323,-0.12706498,0.04301025,0.11398737,0.19003265,0.12943911,-0.08003053,0.02093251,-0.23344144,-0.18873178,-0.11778763,-0.22762913
earlyblast.40,-0.06335086,0.04745144,0.03072175,0.00290736,-0.07135241,-0.06891154,-0.04760064,-0.01803574,-0.09970006,-0.03193049,0.04991981,0.00875898,0.01906622,-0.04869319,0.07965268,-0.04500045,-0.0028506,0.02156359,0.00555294
earlyblast.41,-0.06376849,0.04681017,0.03405029,-0.00863291,-0.0205799,-0.09721837,-0.05673681,-0.0180492,-0.09437446,-0.04117861,0.0507306,0.00605628,0.02260158,-0.04330979,0.06832159,-0.04158685,0.00773239,0.020503,0.01437438
earlyblast.42,-0.06146289,0.03982583,0.04235336,-0.01621706,0.06667111,0.00637713,-0.04812458,-0.079673,-0.06503171,-0.04345733,0.01341366,-0.02051018,0.05368471,-0.03618419,0.06497953,-0.06991609,0.0332744,0.01189538,-0.00493965
late2cell,-0.0605254,-0.11813615,-0.00759812,-0.14937041,-0.03288516,-0.01470339,-0.03600725,0.00119342,0.00112408,-0.0133836,-0.00735325,-0.00499497,-0.01278507,-0.0286113,-0.01204788,0.01264304,0.00736199,-0.00486023,-0.02744307
late2cell.1,-0.06057898,-0.10947789,-0.03100652,-0.14638183,-0.03329449,-0.00417473,-0.00192827,-0.01127217,-0.00978304,-0.00561221,-0.01205209,0.01148609,-0.00928023,-0.0114487,-0.00281763,0.01819879,0.00914549,0.01200883,-0.03365636
late2cell.2,-0.06029536,-0.12611021,-0.00582618,-0.13857832,-0.03017174,-0.0131047,-0.02816303,-0.00627673,-0.00161218,-0.02039414,0.00136865,-0.02053853,-0.02076704,-0.02729685,-0.02238621,0.01037307,0.01073473,-0.00659574,-0.01515508
late2cell.3,-0.0596235,-0.13312021,0.00571473,-0.13856562,-0.03020709,0.01976205,-0.09543003,0.02121406,0.01095383,0.01654666,-0.00936837,-0.00134329,-0.01288154,-0.00985171,-0.01961544,0.00716341,0.01530979,-0.00697377,-0.00817635
late2cell.4,-0.05905875,-0.12905223,0.00137404,-0.15307111,-0.03341788,0.031833,-0.07675562,0.01348716,0.01341722,0.00917067,-0.01407413,-0.00256563,-0.01410177,-0.01424631,-0.00919584,0.01067417,-0.00738917,-0.0107209,-0.01945638
late2cell.5,-0.06041181,-0.11204595,-0.02251271,-0.15508996,-0.03702089,-0.00983036,0.00461278,-0.02194233,-0.01558663,-0.00841645,-0.00187282,-0.02116687,-0.03858911,-0.04159655,-0.01715317,0.01220286,0.01882206,-0.00628621,-0.03958116
late2cell.6,-0.0599382,-0.12878966,-0.00075594,-0.13509607,-0.03169416,0.00222098,-0.03918639,-0.01713508,0.00618438,-0.01420871,-0.01834404,-0.0168111,-0.02477261,-0.02409681,-0.00954722,0.01339265,0.01731105,-0.01325735,-0.02123079
late2cell.7,-0.05906309,-0.1427797,0.02037765,-0.11520738,-0.02611209,0.03725376,-0.11989458,0.02893999,0.02271533,0.01125926,-0.01269315,-0.00065857,0.00259875,0.02180947,0.00566667,0.01307052,0.00613125,0.0033145,-0.00387892
late2cell.8,-0.06116827,-0.10595238,-0.02704775,-0.13782539,-0.02997083,-0.03342642,0.01222293,-0.02957482,-0.01585165,-0.01055842,-0.00223116,-0.01203499,-0.03650899,-0.02964949,-0.01609919,0.01086918,0.02608945,-0.01297701,-0.03480278
late2cell.9,-0.06108362,-0.1102176,-0.01029147,-0.1317245,-0.03294536,-0.04243256,0.00776502,-0.00984436,-0.01570398,-0.01420938,-0.00288513,-0.00479351,-0.01572146,-0.04639787,-0.01338632,0.01443155,0.01738479,-0.0106067,-0.03282779
lateblast,-0.06240171,0.04724915,0.04978684,-0.02198651,-0.01047077,-0.0456363,0.03692482,0.114865,0.05389886,-0.0048407,0.00825462,0.00357695,-0.00282798,0.01906683,-0.04137536,0.01945092,-0.04634517,0.00310735,0.0243872
lateblast.1,-0.06346002,0.04986519,0.05070857,-0.02336973,-0.05046679,-0.09165967,0.02263736,0.09198249,0.04220988,0.00167177,0.02071481,-0.0552466,-0.05380249,-0.02726537,-0.02287036,-0.01032042,-0.01630588,0.00840673,0.01773989
lateblast.2,-0.05878138,0.0375134,0.05952796,-0.04216243,0.12136723,0.07363559,0.05066183,0.07817626,0.01678983,0.01748662,0.05667292,0.00765656,0.012018,0.00848523,-0.12546474,0.07137899,-0.13025396,-0.053268,-0.04783523
lateblast.3,-0.05901383,0.03953828,0.06364849,-0.04234577,0.12716216,0.06906373,0.05669786,0.09928231,0.02228306,0.00812798,-0.01144275,-0.02114554,-0.03183502,-0.02970707,-0.05188825,0.08750534,-0.14235952,-0.03178312,-0.04383404
lateblast.4,-0.06121802,0.04622586,0.06158036,-0.04977819,0.12961896,-0.02329033,0.03039577,0.06504615,0.04635375,-0.00997098,0.00440926,-0.04616019,-0.03802518,-0.03246474,-0.01577057,0.05940859,-0.09204724,-0.01133045,0.00393532
lateblast.5,-0.06322042,0.05024291,0.05412825,-0.05049661,0.10496979,-0.10267226,0.00892217,0.05776586,0.03497761,-0.02895945,-0.02056485,0.00959285,-0.02962219,-0.00962642,-0.02673282,0.03037853,-0.0634244,-0.01218862,0.00948424
lateblast.6,-0.06394932,0.05006845,0.05791621,-0.0454853,0.05629401,-0.13144747,0.01445353,0.08453555,0.03573113,-0.04130907,-0.0323871,0.01877668,-0.02052598,0.01374029,-0.03099183,0.00743075,-0.02835695,-0.01224897,0.01429329
lateblast.7,-0.06014024,0.04371867,0.0646445,-0.04776382,0.13976285,0.01133146,0.03442718,0.07872821,0.050621,-0.00779229,-0.03639695,0.02112766,-0.02818042,-0.03077599,-0.01579804,0.09441145,-0.13316682,-0.02698905,-0.03267489
lateblast.8,-0.060693,0.04250843,0.05581065,-0.04598573,0.10753544,0.00214209,0.02698103,0.00759007,0.06516368,0.00254695,0.09172178,-0.10906671,-0.04909015,-0.0214354,-0.0683958,0.03360253,-0.10617026,-0.0184273,0.04949914
lateblast.9,-0.05936726,0.03894506,0.05988351,-0.04408265,0.10663643,0.05750564,0.04188231,0.05896034,0.02251944,0.01705039,0.11881654,-0.07554597,-0.04062706,-0.0017159,-0.10021474,0.07395204,-0.10965071,-0.04505249,0.08390741
lateblast.10,-0.06339157,0.04217597,0.03530561,0.00020762,-0.12750538,-0.09465862,0.03190216,0.08106573,0.04150757,-0.00045517,0.00647538,-0.01742146,-0.03005048,-0.02325875,0.00026281,-0.01124799,-0.00875401,0.00340115,0.01279796
lateblast.11,-0.06275676,0.05445127,0.05910088,-0.05187398,0.12328117,-0.07655349,0.01200161,0.07173059,0.04303909,-0.03421549,-0.02827579,-0.01982859,-0.03737833,-0.01020575,-0.01626063,0.04190982,-0.08551253,-0.00040064,0.02085473
lateblast.12,-0.06320909,0.04010823,0.03256964,0.00341958,-0.12817785,-0.09531953,0.03010773,0.08908019,0.02242558,-0.02002346,0.02832721,-0.00256737,-0.04075864,0.00547361,-0.04993072,-0.02383792,0.0011692,-0.01723873,0.02117809
lateblast.13,-0.05840469,0.0330069,0.0591831,-0.03992072,0.09575739,0.08448098,0.07290113,0.11469139,0.02897324,-0.01551576,0.01789114,0.09152894,0.01170997,0.09849937,-0.18180276,0.08696778,-0.04680695,-0.07473682,-0.03648899
lateblast.14,-0.0573438,0.02214503,0.04721431,0.00373084,-0.04623705,0.14298599,0.12334438,0.13146591,0.01542995,0.03899144,-0.05734269,0.14988256,0.02433961,0.16657222,-0.24233688,0.01677634,0.02932857,-0.12138868,-0.09029904
lateblast.15,-0.06182587,0.05242922,0.06976366,-0.04508487,0.08869122,-0.03003691,0.02877345,0.1109332,0.0356063,-0.01576692,-0.02747183,-0.01761094,0.00205012,-0.03126581,0.02724359,0.02900034,-0.07302901,0.04620113,-0.01158105
lateblast.16,-0.06230447,0.05263182,0.06013458,-0.03090115,0.01875529,-0.04685788,0.03112444,0.13085221,0.01756964,-0.0134305,-0.02180948,0.01194207,0.01426415,-0.01249967,0.01596893,0.02013796,-0.05255036,0.02006851,0.00868727
lateblast.17,-0.06353015,0.05287345,0.06174553,-0.04733698,0.07616869,-0.10474139,0.02189181,0.10820122,0.03083036,-0.0290534,-0.04120429,0.01692045,0.00216483,-0.0057449,0.01531161,0.02310542,-0.04748335,0.00126266,0.00412327
lateblast.18,-0.06318967,0.05343582,0.05956986,-0.0415557,0.03975205,-0.08435841,0.0207585,0.09095471,0.03545281,-0.0171475,-0.03366857,0.00241049,-0.01314976,0.00140052,0.0002561,0.01024577,-0.02808098,-0.00765834,0.01200354
lateblast.19,-0.05948114,0.03282398,0.05644268,-0.0119275,-0.03047324,0.0628938,0.06524721,0.14440837,-0.01827757,-0.00520048,0.04676333,0.02116309,0.01513661,0.08090659,-0.11781893,0.0288573,0.05383142,0.00483801,0.04699786
lateblast.20,-0.06046679,0.0448355,0.06188445,-0.02660601,0.01542796,0.02381596,0.06413762,0.18277773,0.02203612,-0.00512243,-0.0046332,0.02500138,0.00502507,0.01034274,-0.00100538,0.03690367,0.02869237,0.00509785,0.01134954
lateblast.21,-0.06194119,0.05118955,0.06401653,-0.03516281,0.00343576,-0.02575033,0.0880997,0.2551366,0.09086758,0.05494002,0.00609802,-0.13443083,-0.02227877,-0.05796413,0.12087313,-0.18282642,0.25991358,0.0919048,-0.15449313
lateblast.22,-0.06160981,0.04876528,0.06458816,-0.03071554,9.695e-05,-0.01224648,0.09643703,0.25666637,0.09517424,0.06039395,0.01173647,-0.15036938,-0.0231349,-0.05593521,0.1239164,-0.19935192,0.28079787,0.08427382,-0.1537064
lateblast.23,-0.05816322,0.03292693,0.04771074,-0.00621301,-0.03441785,0.13218606,0.10459763,0.19281104,0.12739785,0.09568746,0.10498575,-0.1982817,-0.02402028,-0.03107927,0.06443365,-0.27014073,0.2940581,0.00146706,-0.08574043
lateblast.24,-0.06057272,0.04671617,0.06551029,-0.03771183,0.07699957,0.02925115,0.05427372,0.16438236,0.00910046,0.00489056,-0.04777972,0.03597713,0.05987065,-0.02506772,0.00795297,0.0495564,-0.06780958,0.05276879,-0.02433529
lateblast.25,-0.06192954,0.05035545,0.06562605,-0.05042676,0.11938575,-0.04688596,0.0229643,0.0543458,0.05880098,-0.00814567,-0.05554171,0.01202092,-0.0102716,-0.0444684,0.02164346,0.05474022,-0.06208929,0.02090071,-0.01148878
lateblast.26,-0.06025412,0.03932947,0.05522464,-0.02396424,0.00405499,0.03747565,0.0586289,0.13802406,0.03461594,0.01136003,0.05504692,0.00661541,0.0006035,0.01483465,-0.0648267,0.05170231,-0.05031485,-0.02284909,0.00936304
lateblast.27,-0.06115292,0.04815998,0.0709325,-0.05010175,0.12355294,-0.01114681,0.04389196,0.11553244,0.03824608,0.00519421,-0.055744,0.01299119,0.02460607,-0.03230506,0.02914481,0.05048428,-0.08778872,0.02487892,-0.005474
lateblast.28,-0.06325759,0.05530887,0.06667913,-0.04710159,0.09178558,-0.0941091,0.02252833,0.1125248,0.03421308,-0.02843684,-0.04975672,0.00634475,-0.00418969,-0.02196843,0.02629797,0.03076281,-0.06694378,0.02045085,0.0030815
lateblast.29,-0.06324498,0.05361049,0.06599353,-0.04569423,0.0524087,-0.08957583,0.0266912,0.11746326,0.0224518,-0.0173756,-0.01242336,0.00776999,-0.01018613,-0.02086926,0.02686491,0.02196023,-0.03672205,0.01421793,0.01303309
mid2cell,-0.05918141,-0.1566363,0.04427286,-0.06457236,-0.01919769,0.00680514,-0.11462627,0.03423642,0.0120986,0.02387048,-0.01121401,0.0007015,0.02334308,0.01216849,-0.01199681,-0.00016037,0.00057082,0.00752001,0.01656629
mid2cell.1,-0.05876894,-0.15007284,0.03820119,-0.09362367,-0.02557465,0.03015711,-0.14607991,0.05055259,0.02057791,0.03673794,-0.00253443,0.01771643,0.01990631,0.0155538,0.00640651,0.00070281,0.00438793,0.01396953,0.02423076
mid2cell.2,-0.05844439,-0.1470273,0.0584309,-0.02592441,-0.01359324,0.03105158,-0.11107323,0.0542944,0.01729422,0.03179322,0.0007603,0.00932826,0.02884937,0.0277219,0.03136523,-0.01676118,-0.02826958,0.00968967,0.02658249
mid2cell.3,-0.05769453,-0.14410347,0.06701614,-0.00941864,-0.00657922,0.04733626,-0.11039456,0.05541845,0.01707412,0.0358523,0.00509585,0.02724276,0.02299324,0.04470289,0.05521047,-0.02974682,-0.04079581,0.00766364,0.0379188
mid2cell.4,-0.05921618,-0.14329717,0.02849578,-0.10563953,-0.02673026,0.02124817,-0.12675035,0.0459344,0.00651542,0.0384707,-0.00712547,0.00997077,0.01307889,-0.00675348,0.00755531,0.00041273,-0.00503908,0.00095782,0.01018097
mid2cell.5,-0.05878229,-0.1404551,0.02550936,-0.11764078,-0.0256325,0.03956821,-0.13044203,0.05299732,0.02273756,0.03782664,0.0018674,0.01140248,0.02017598,0.01944609,0.01417447,-0.00499677,-0.00692611,-0.00381043,0.02018827
mid2cell.6,-0.05890902,-0.15384975,0.03830781,-0.09423953,-0.01936818,0.02143615,-0.14806912,0.04264448,0.01751508,0.03467588,0.00538067,-0.00200162,0.00644314,0.00297462,-0.02067216,0.00688644,0.00083949,0.00152589,0.01830672
mid2cell.7,-0.05888954,-0.14811896,0.03250468,-0.09558566,-0.02016063,0.02389474,-0.14127455,0.03254661,0.021095,0.03345629,0.00822197,-0.0047558,0.00331682,0.00128091,-0.02080847,0.00478553,0.00802979,-0.00475548,0.00966947
mid2cell.8,-0.05872056,-0.15483099,0.04953709,-0.0702411,-0.01644846,0.0242195,-0.14295986,0.05514537,0.02171366,0.02458532,-0.00288551,0.00730807,0.01785835,0.02006512,-0.00504401,-0.003647,-0.00579137,-0.0048971,0.02120663
mid2cell.9,-0.05895663,-0.15146561,0.04239059,-0.08101422,-0.01988421,0.02526502,-0.13832694,0.04611462,0.01920708,0.0244988,-0.00040489,0.01262918,0.01018032,0.00484519,0.00024641,-0.0073396,-0.00116917,-0.00124506,0.01590576
mid2cell.10,-0.0585402,-0.15350344,0.04277627,-0.08507418,-0.01930363,0.03266273,-0.13743686,0.04382262,0.01945158,0.02954236,-0.00321362,0.01215792,0.01031653,0.02215044,-0.00978554,-0.00118465,-0.00652383,-0.00049691,0.01737946
mid2cell.11,-0.05898538,-0.15227537,0.0365006,-0.0919259,-0.02281655,0.02304247,-0.14044307,0.04392218,0.02084844,0.02618328,-0.00100497,0.00321301,0.00581214,0.00568489,-0.01855347,0.00114708,-0.00525685,0.00618997,0.01113679
midblast,-0.05869905,0.02713061,0.03470597,0.01295693,-0.12259996,0.08642169,0.05735744,-0.02352068,0.07181014,0.06806796,0.0775958,0.00230808,-0.00669194,-0.01711232,-0.08045996,0.00244925,-0.01553753,-0.07343144,0.09694728
midblast.1,-0.06310837,0.05256515,0.0516879,-0.03574871,0.09544474,-0.08596917,-0.04094321,-0.08597417,0.02964914,-0.01240468,-0.04134879,0.01798874,-0.00468235,0.01327294,0.03945339,-0.00907926,0.03208598,-0.02406524,0.00771249
midblast.2,-0.06244181,0.04387238,0.0428186,-0.01181665,0.02640631,-0.04696276,-0.03461697,-0.08577499,0.01564825,-0.02088426,-0.00118565,0.04498476,-0.00261298,0.00760283,0.01251597,0.00015673,0.0466374,-0.02119485,-0.00634709
midblast.3,-0.06220698,0.04193675,0.03309062,0.0087021,-0.12769391,-0.0274852,0.01493644,-0.01577633,0.06186648,0.02374471,-0.0276095,0.02640923,-0.00916241,-0.01540017,0.00105961,-0.00125321,-0.0063835,-0.0194465,0.00516998
midblast.4,-0.06160901,0.04106237,0.0333904,0.00835717,-0.11965193,-0.00670608,0.0089656,-0.03252906,0.05523344,0.02753025,-0.0268381,0.00996151,0.01279416,0.00956053,-0.01712159,-0.00700267,0.01847531,-0.00630662,-0.01254247
midblast.5,-0.06243582,0.04930806,0.04736843,-0.0299971,0.07638747,-0.04902037,-0.03347286,-0.08994804,0.00912515,-0.01097032,-0.0458067,0.01154982,0.01103911,-0.00572519,0.0520078,0.00314201,0.03407513,-0.00491719,-0.00359126
midblast.6,-0.0628737,0.04710803,0.04849186,-0.03845884,0.09484764,-0.07301396,-0.03932835,-0.08821726,-0.00500967,-0.03360964,-0.03501165,0.03664418,0.01310321,0.0023673,0.02576247,-0.02227854,0.03370529,-0.01058246,-0.00482483
midblast.7,-0.06268939,0.04871253,0.04362992,-0.00978422,-0.00496518,-0.04398944,-0.03190287,-0.08394909,0.01515414,-0.01024668,-0.05954443,0.02294997,0.00754081,0.01948258,0.0098063,-0.0459637,0.00413486,0.07569629,-0.01457576
midblast.8,-0.06174698,0.04311025,0.038085,-0.00251703,-0.08538278,0.00723992,-0.00742511,-0.10954256,0.10074244,0.06912024,-0.08374596,-0.07209612,-0.03281604,0.07209692,-0.09738032,-0.17466852,-0.23752097,0.47192166,-0.04281059
midblast.9,-0.06064225,0.04358601,0.04891862,-0.01983866,0.00253593,0.04306398,-0.02020046,-0.15979969,0.09715689,0.08537105,-0.05774331,-0.10066326,-0.04803799,0.06694636,-0.10735589,-0.196315,-0.24690544,0.52595559,-0.03542498
midblast.10,-0.06050652,0.03470111,0.02934539,0.01924048,-0.13578299,0.03238693,0.01121721,-0.02329039,0.03275126,0.00640883,-0.00964896,0.016789,0.00442461,-0.01159183,-0.00866267,0.02530495,-0.06989123,0.01706525,-0.00561182
midblast.11,-0.06127157,0.04613313,0.04607654,0.00045484,-0.07576206,0.01471322,-0.0029099,-0.07883435,0.08704501,0.09996571,-0.04841151,0.01048851,0.10947916,-0.08477068,0.12739277,0.07284259,-0.05168473,-0.06275303,-0.03645556
midblast.12,-0.06076661,0.0395817,0.04017649,0.01158241,-0.08720375,0.03869566,0.01984153,-0.06187561,0.02931049,0.09411489,-0.0530556,-0.00510182,-0.01402932,0.03196398,0.00740466,0.23799253,0.16281913,0.11040214,-0.03224908
midblast.13,-0.05642665,0.03259349,0.04378258,-0.00942897,0.07167102,0.21773247,0.03531316,-0.07088224,-0.07229391,0.14085159,0.01481642,-0.00806688,-0.05436355,0.09043641,0.0387213,0.56193527,0.35595475,0.33241319,-0.13284619
midblast.14,-0.06147726,0.04057715,0.0376004,0.01715646,-0.13318664,-0.01731899,0.02514082,-0.01885659,0.02420389,0.01583561,-0.02433428,0.03935797,-0.0164905,-0.02023737,0.03053267,0.03315569,0.00406234,-0.02271485,-0.00285288
midblast.15,-0.06120547,0.03872116,0.02720366,0.02057389,-0.12275751,0.01169028,0.0252516,-0.00845028,0.05745324,0.01382184,-0.02889425,-0.00176365,-0.00470705,-0.01284269,0.02023162,0.0183339,-0.01466871,-0.02072582,-0.02070578
midblast.16,-0.05841371,0.0364095,0.05138968,-0.01470057,0.03943228,0.10952882,0.00775643,-0.06893274,0.03904751,0.08097224,-0.0338194,0.05409157,0.0947155,0.04451081,0.09403893,-0.01290954,0.06149019,-0.11431798,0.0012143
midblast.17,-0.0615785,0.04814697,0.04490388,-0.0032238,-0.09344481,0.01056007,-0.0006004,-0.10341437,0.15945858,0.16944724,-0.065548,-0.04309869,0.18190278,-0.21716283,0.25156662,0.14048965,-0.12609733,-0.11491842,-0.11117716
midblast.18,-0.05994533,0.03383391,0.03193833,0.01901917,-0.12134083,0.05191372,0.02426783,-0.02867468,0.09823548,0.10104071,-0.03633581,0.01216685,0.08124772,-0.03884589,0.06377997,0.02371885,-0.08750141,-0.06554559,-0.0043869
midblast.19,-0.06104388,0.04292073,0.03938023,0.003777,-0.12010342,0.0214704,0.01744558,-0.089864,0.17070566,0.16895562,-0.06651716,-0.03028477,0.18043121,-0.23384706,0.25103658,0.15507702,-0.13576754,-0.11600077,-0.11134514
midblast.20,-0.0607675,0.03640992,0.0392336,0.01240572,-0.12277382,0.01088372,0.04176299,-0.00165081,0.08055831,0.03384268,-0.04339349,0.025534,0.00573713,-0.03619935,0.02486273,-0.01266366,0.02901794,-0.00790612,-0.03877379
midblast.21,-0.06077,0.04052365,0.03946037,0.01078291,-0.09205573,0.02203277,0.03122595,-0.04850012,0.05827797,0.02227766,-0.01106938,0.00402284,-0.0013083,-0.00382624,-0.02624424,0.03071191,0.0128634,-0.02013475,0.02571405
midblast.22,-0.0630388,0.03994112,0.02851441,-0.00012257,-0.04921728,-0.04902345,-0.02728595,-0.0237733,-0.00763825,-0.04221389,0.00970273,0.02829942,0.01908493,0.07419576,-0.01455778,0.01336816,0.02718472,-0.00718231,0.02218334
midblast.23,-0.06289952,0.03628224,0.01279901,0.01429413,-0.11829652,-0.03437506,-0.01360905,-0.02907029,0.03446335,-0.04135098,0.01486915,0.00353544,-0.04350735,0.10405705,-0.06945122,0.00730561,0.02059304,-0.03794434,-0.01324952
midblast.24,-0.06291811,-0.02748365,0.07106206,0.03892921,0.05107694,-0.07656585,-0.02620883,-0.0742018,-0.0382514,-0.02755046,0.02435835,-0.04125043,-0.03712029,0.01930177,0.03906009,0.02313666,0.04953258,-0.00186239,0.01079071
midblast.25,-0.06313868,0.04681052,0.0351536,-0.02793283,0.08447058,-0.06967895,-0.05514984,-0.10598338,0.00350431,-0.03124437,-0.00454853,-0.0158782,0.00987651,0.01628452,0.0105769,-0.00894913,0.02929944,-0.02405118,-0.00547905
midblast.26,-0.0615199,0.03605872,0.01019403,0.02111662,-0.10763696,0.00417885,-0.00388713,-0.02803106,0.0454366,-0.01130887,-0.03356959,0.022897,-0.0199757,0.06568545,-0.05948756,0.01714305,0.00898611,-0.02046327,-0.04064305
midblast.27,-0.06279192,0.0457264,0.02912209,0.00062293,-0.09289177,-0.04235108,-0.01379184,-0.03640271,0.02639309,-0.01163432,-0.00357456,0.02525829,-0.01137756,0.06746206,-0.04460362,0.00548437,0.02915588,-0.03368514,0.0151177
midblast.28,-0.06061209,0.03446847,0.02083474,0.02169671,-0.13022336,0.03739259,0.01547794,-0.01507069,0.03469894,0.0152108,0.02920858,-0.00308633,-0.00353063,0.03061565,-0.03050184,0.01514922,-0.00580281,-0.05196216,0.03123255
midblast.29,-0.0610253,0.03162426,0.00999975,0.02169653,-0.11698351,0.02687811,0.00803,-0.03057996,0.03903012,-0.02705945,-0.01841977,0.00569831,-0.01320553,0.05548015,-0.0702617,0.06505299,0.02088539,-0.03563309,-0.02956281
midblast.30,-0.06062154,0.03554527,0.04313073,-0.02711343,0.0858839,0.02601314,-0.01465603,-0.09136416,-0.02283081,-0.0284909,-0.00322169,-0.00017567,0.00942265,0.0421208,-0.0006343,0.01433005,0.06153606,-0.00680144,0.01095473
midblast.31,-0.06075671,0.03306685,0.01647301,0.0238597,-0.11003949,0.02281166,0.01226837,-0.04119581,0.03729866,-0.00924877,-0.02385723,0.01105378,-0.04432441,0.04925956,-0.08100576,0.07681878,-0.001864,-0.01323366,-0.03452153
midblast.32,-0.06420636,0.0347793,0.03378291,0.00032426,-0.05456148,-0.11501041,-0.03716505,-0.039047,-0.0199147,-0.03292795,0.0190009,0.02284331,-0.04795038,0.06679719,0.01166791,-0.01350903,0.0480438,-0.02059526,-0.00074358
midblast.33,-0.06199264,0.03698664,0.02099503,0.02198758,-0.13755565,-0.03311559,-0.0026693,-0.02596122,0.03854708,0.02037293,0.00976239,0.02214446,-0.01699348,0.01521619,-0.0565844,-0.02292565,-0.0262333,-0.0230725,0.04054093
midblast.34,-0.06313108,0.04249636,0.02024736,0.01897713,-0.14808236,-0.06908431,0.00258998,-0.00404386,0.03978732,-0.00104587,-0.03000288,0.02849142,-0.02574403,0.00932632,-0.00058545,0.00545268,-0.00923901,-0.0121914,0.00615461
midblast.35,-0.06200081,0.03773196,0.02721972,0.00010306,-0.0680298,-0.0165059,-0.0080966,-0.01359165,0.00793304,-0.00746477,0.00046249,0.02078339,-0.00207691,0.06528338,-0.01471765,0.00235327,0.01795233,-0.00341097,0.04259945
midblast.36,-0.06444402,0.04019347,0.03639725,-0.00728091,-0.0279027,-0.11736466,-0.04249114,-0.05393876,-0.00774238,-0.03621772,-0.01506264,0.0394448,-0.03763638,0.07646276,0.0137976,-0.00909406,0.040544,-0.01870648,-0.00724742
midblast.37,-0.06394701,0.03054452,0.03252509,0.00476392,-0.06904059,-0.08773521,-0.0300981,-0.05052205,0.00825744,-0.05115105,-0.03773833,0.03753122,-0.03921093,0.0788114,0.02194773,-0.00797402,0.04401971,-0.00880913,-0.03007295
midblast.38,-0.06401847,0.04937653,0.03270112,-0.01806891,0.00075138,-0.1034723,-0.05023634,-0.04321844,0.0091682,-0.03096441,-0.05243584,0.04381573,0.00202025,0.03282728,0.00947655,-0.01318252,0.02145093,-0.0139323,-0.00474377
midblast.39,-0.06080744,0.02741932,0.04005404,0.00365204,-0.01357681,0.0300447,-0.01729722,-0.04886309,-0.03344467,-0.04927951,-0.06392204,0.09533977,0.02147557,0.12218166,0.01661833,-0.010329,0.04352546,0.00734699,-0.05059074
midblast.40,-0.06043489,0.02270956,0.02861383,0.01486418,-0.08826804,0.04066116,-0.00386276,-0.06572769,0.03851291,-0.01234028,0.05258652,-0.06089109,-0.0961392,0.12958018,-0.04648363,-0.00297822,0.02598834,-0.03364662,0.00250468
midblast.41,-0.06113692,0.03868104,0.03294235,0.00390895,-0.09768203,0.020857,0.01275281,-0.00557717,0.01527085,-0.01167069,0.04006435,0.01846878,0.03543518,0.07963355,-0.0744111,0.00307026,-0.00106403,-0.02832778,0.04114851
midblast.42,-0.05742564,0.02598639,0.05432033,-0.03510573,0.09453898,0.12460354,0.01709902,-0.17961545,0.09656844,0.10720525,0.10915299,-0.0588849,-0.13985249,-0.04385061,-0.11684959,-0.12933899,0.01780214,-0.15899428,0.18119415
midblast.43,-0.0600165,0.04448785,0.06644097,-0.03473136,0.0681837,0.04977607,-0.00482322,-0.07983284,0.00206692,0.07448724,0.00504734,0.00110379,-0.00088267,0.03644365,0.00176058,0.00037395,0.08232826,-0.03135473,0.05100894
midblast.44,-0.0627068,0.05059121,0.04754581,-0.01353236,-0.06553087,-0.05293073,-0.00332153,-0.0302107,0.04225499,0.01394521,-0.02153567,0.03347871,-0.01922097,0.01376774,-0.0398551,-0.0245419,0.03007848,-0.02322616,0.01455703
midblast.45,-0.05939813,0.03974306,0.05825809,-0.02679419,0.0699493,0.06609293,-0.00220689,-0.10086585,0.035835,0.04125386,-0.00318245,0.02943365,0.0118665,0.01706544,-0.00371405,-0.04343535,0.08734144,-0.03154745,0.04285608
midblast.46,-0.06166806,0.04304547,0.04401231,-0.00252652,-0.08898106,-0.00748434,0.02810227,0.00970371,0.03492393,0.02802859,-0.00993095,0.02458353,-0.00136556,0.01480075,-0.0303561,-0.01413868,0.05115022,-0.03589883,0.03865402
midblast.47,-0.05869286,0.02923048,0.0550521,-0.02456573,0.03740286,0.09312854,0.02591484,-0.07658648,0.06394649,0.04885364,0.04250826,0.00793149,-0.03503777,0.02059391,-0.11598828,-0.0840735,0.123124,-0.11340872,0.14058616
midblast.48,-0.05824635,0.03084665,0.04780928,-0.0027392,-0.05156076,0.1213607,0.03567259,-0.07963895,0.05687195,0.11296026,0.0412588,0.00512613,-0.04761091,0.0578114,-0.1206627,0.0055136,0.005593,-0.00185273,0.09204862
midblast.49,-0.06000147,0.03668757,0.04482109,-0.00898192,-0.07236164,0.05496628,0.03240433,-0.06113085,0.06137835,0.04975978,4.912e-05,0.00233351,0.00353748,0.02588513,-0.05895292,-0.01299772,-0.01093801,-0.03602427,0.04962356
midblast.50,-0.06096133,0.04669462,0.05312259,-0.0248765,0.05890135,0.00222147,-0.01631899,-0.1219641,0.04010106,0.03240795,0.0078235,0.0209463,0.01328534,0.00665486,0.00261548,-0.01717755,0.05862825,-0.02299337,0.0217631
midblast.51,-0.06151523,0.04712151,0.05976234,-0.03828668,0.09138884,-0.02976778,-0.0143227,-0.09686018,0.06607631,-0.00013948,-0.06004256,0.06191821,-0.0013031,0.00782989,-0.00952353,-0.03407123,0.01231813,-0.0177109,-0.00236454
midblast.52,-0.06127054,0.04618328,0.05356901,-0.0244913,0.05472869,-0.0020329,-0.00949141,-0.10932251,0.03928371,0.02708915,-0.0035597,-0.0020452,-0.00606666,-0.02221827,0.03125567,-0.01665493,0.06479166,-0.01206189,0.00659397
midblast.53,-0.06196645,0.05060622,0.05985087,-0.04470672,0.09003315,-0.03720245,-0.00923549,-0.10660505,0.06778322,0.0266268,-0.04188065,0.03265548,-0.01394584,0.02924496,-0.01914541,-0.04975892,0.03068656,-0.01779979,0.00999996
midblast.54,-0.06127402,0.04936481,0.05764281,-0.03770883,0.08907898,-0.00812444,-0.0181595,-0.11001919,0.03769975,0.0303811,-0.03311205,0.03187503,-0.01662797,0.00183262,0.01779988,-0.04082941,0.0308756,-0.00167388,0.00922671
midblast.55,-0.06151698,0.0491545,0.0587057,-0.03985228,0.07802642,-0.02729989,-0.01243225,-0.08726977,0.05795816,0.0270549,-0.04762146,0.03417212,0.01000952,-0.0017317,0.01174201,-0.04921981,0.03857987,-0.02515175,0.01517323
midblast.56,-0.06203431,0.04893698,0.05731646,-0.03168726,0.02760858,-0.03644899,-0.00829901,-0.07590472,0.08123815,0.0355353,-0.02315991,0.0081833,-0.01728128,0.04585439,-0.02567707,-0.06099605,0.0617832,-0.05460286,0.02967526
midblast.57,-0.0619255,0.046701,0.05622794,-0.04365478,0.08632137,-0.04353702,-0.0094108,-0.05386995,0.02765795,-0.02025907,-0.02431052,0.03749411,0.00052446,0.03987858,-0.0305783,-0.03303498,0.06229734,-0.0589542,0.04220722
midblast.58,-0.06311804,0.05265511,0.05919722,-0.0427136,0.06952601,-0.08188942,-0.02017904,-0.07252237,0.04116341,0.01107351,-0.00727439,0.00146974,-0.02075896,0.01976265,-0.01586225,-0.03925536,0.03848735,-0.03160034,0.03774887
midblast.59,-0.06049658,0.04507119,0.06501156,-0.04173193,0.0670695,0.02201747,0.00745987,-0.10469741,0.09268652,0.06008839,0.00803377,-0.02546795,-0.02789853,0.03369722,-0.04471304,-0.08525848,0.04293406,-0.02367498,0.05124376
zy,-0.05808645,-0.15036845,0.11013893,0.18402988,0.03657498,-0.05153037,0.07745006,-0.0225363,-0.01009994,-0.01110311,0.0063437,-0.01672775,0.01413017,-0.02439795,-0.02862082,0.00493158,0.01605276,0.0012246,-0.00072176
zy.1,-0.05815233,-0.15249807,0.111632,0.19236527,0.03700836,-0.05506096,0.08435846,-0.02176525,-0.01220418,-0.01126807,0.00059016,-0.01863779,0.0165845,-0.02886541,-0.02950064,0.0099574,0.00550994,0.00514408,-0.00307551
zy.2,-0.05818126,-0.15208938,0.11303808,0.19531126,0.03855697,-0.06003323,0.08592512,-0.02394184,-0.01513691,-0.00995622,0.00179699,-0.01956662,0.01533666,-0.03192916,-0.03261078,0.0101138,0.01454435,0.006264,-0.00650862
zy.3,-0.05822584,-0.15122521,0.11073585,0.19148554,0.03763951,-0.05569632,0.0802091,-0.02111485,-0.01437419,-0.01179294,0.00069786,-0.0174718,0.0187909,-0.02715295,-0.02756102,0.0117608,0.01025055,0.00508564,-0.005143
